{"cameraMode":{"drawMode":0,"name":"Shaded","section":"Shading Mode"},"sceneLighting":false,"audioPlay":false,"sceneViewState":{"m_AlwaysRefresh":false,"showFog":true,"showSkybox":true,"showFlares":true,"showImageEffects":true,"showParticleSystems":true,"showVisualEffectGraphs":true,"m_FxEnabled":false},"in2DMode":false,"pivot":{"x":5.688044548034668,"y":6.299103736877441,"z":1.5216032266616822},"rotation":{"x":-0.15861332416534425,"y":0.016879932954907419,"z":-0.002712165005505085,"w":-0.9871943593025208},"size":17.101594924926759,"orthographic":false}