{"cameraMode":{"drawMode":0,"name":"Shaded","section":"Shading Mode"},"sceneLighting":false,"audioPlay":false,"sceneViewState":{"m_AlwaysRefresh":false,"showFog":true,"showSkybox":true,"showFlares":true,"showImageEffects":true,"showParticleSystems":true,"showVisualEffectGraphs":true,"m_FxEnabled":false},"in2DMode":false,"pivot":{"x":1.5401043891906739,"y":1.1351165771484376,"z":-10.126032829284668},"rotation":{"x":0.01530549954622984,"y":0.9846881031990051,"z":-0.12054094672203064,"w":0.12503355741500855},"size":8.697139739990235,"orthographic":false}